PROV1;p¨=Ã;;;;;;;;;;;;;x
PROV2;∞¿≠Ã;;;;;;;;;;;;;x
PROV3;ë≈∞¿;;;;;;;;;;;;;x
PROV4;‡¨1¡;;;;;;;;;;;;;x
PROV5;¨¿úÃ;;;;;;;;;;;;;x
PROV6;®∞t’;;;;;;;;;;;;;x
PROV7;X’Ÿ≥;;;;;;;;;;;;;x
PROV8;ƒ…¸»;;;;;;;;;;;;;x
PROV9;X«9∏;;;;;;;;;;;;x
PROV10;h’ë≈;;;;;;;;;;;;;x
PROV11;µ—∆;;;;;;;;;;;;;x
PROV12;h’H≈;;;;;;;;;;;;;x
PROV13;OÆúÃ;;;;;;;;;;;;;x
PROV14;OÆt’;;;;;;;;;;;;;x
PROV15;1¡¸»;;;;;;;;;;;;;x
PROV16;=ÃU±;;;;;;;;;;;;;x
PROV17;è¥∞¿;;;;;;;;;;;;;x
PROV18;ºë≈;;;;;;;;;;;;;x
PROV19;≥l≠;;;;;;;;;;;;;x
PROV20;p¨»;;;;;;;;;;;;;x
PROV21;∏∆∞¿;;;;;;;;;;;;;x
PROV22;‡¨9∏;;;;;;;;;;;;;x
PROV23;=Ã–∆;;;;;;;;;;;;;x
PROV24;≠Ãƒ≥;;;;;;;;;;;;;x
PROV25;Ã¨∞¿;;;;;;;;;;;;;x
PROV26;Ã¨¸»;;;;;;;;;;;;;x
PROV27;Ï”m’;;;;;;;;;;;;;x
PROV28;∆úÃ;;;;;;;;;;;;;x
PROV29;l≠¯ª;;;;;;;;;;;;;x
PROV30;p≠«;;;;;;;;;;;;;x
PROV31;≠Ã°¡;;;;;;;;;;;;;x
PROV32;∆úÃ;;;;;;;;;;;;;x
PROV33;X«1¡;;;;;;;;;;;;;x
PROV34;∆¸»;;;;;;;;;;;;;x
PROV35;H≈Ÿ≥;;;;;;;;;;;;;x
PROV36;∆U≥;;;;;;;;;;;;;x
PROV37;∆ë≈;;;;;;;;;;;;;x
PROV38;∏∆ƒ…;;;;;;;;;;;;;x
PROV39;	¥T÷;;;;;;;;;;;;;x
PROV40;∏∆âπ;;;;;;;;;;;;;x
PROV41;i’úÃ;;;;;;;;;;;;;x
PROV42;`Œ·¨;;;;;;;;;;;;;x
PROV43;¡¿¸»;;;;;;;;;;;;;x
PROV44;8ªÃ¨;;;;;;;;;;;;;x
PROV45;»π∞¿;;;;;;;;;;;;;x
PROV46;ƒ…t’;;;;;;;;;;;;;x
PROV47;¨¡;;;;;;;;;;;;;x
PROV48;0Æ•«;;;;;;;;;;;;;x
PROV49;Ÿ≥ò∑;;;;;;;;;;;;;x
PROV50;∏∆¸»;;;;;;;;;;;;;x
PROV51;∏≈ë≈;;;;;;;;;;;;;x
PROV52;¨Ï”;;;;;;;;;;;;;x
PROV53;e◊t’;;;;;;;;;;;;;x
PROV54;Ï≤1¡;;;;;;;;;;;;;x
PROV55;‰≤¨¿;;;;;;;;;;;;;x
PROV56;”ı¨;;;;;;;;;;;;;x
PROV57;≠¸»;;;;;;;;;;;;;x
PROV58;ò∞¸»;;;;;;;;;;;;;x
PROV59;¬úÃ;;;;;;;;;;;;;x
PROV60;ƒ…ƒ≥;;;;;;;;;;;;;x
PROV61;∆T≈;;;;;;;;;;;;;x
PROV62;©∫Ï”;;;;;;;;;;;;;x
PROV63;‡¬H≈;;;;;;;;;;;;;x
PROV64;·¨1¡;;;;;;;;;;;;;x
PROV65;T÷¬;;;;;;;;;;;;;x
PROV66;»¸»;;;;;;;;;;;;;x
PROV67;‡¨e◊;;;;;;;;;;;;;x
PROV68;¨ƒ…;;;;;;;;;;;;;x
PROV69;‡¨=Ã;;;;;;;;;;;;;x
PROV70;l≠O∏;;;;;;;;;;;;;x
PROV71;•«1¡;;;;;;;;;;;;;x
PROV72;t’®∞;;;;;;;;;;;;;x
PROV73;≠ë≈;;;;;;;;;;;;;x
PROV74;D∆ƒ≥;;;;;;;;;;;;;x
PROV75;∆≠;;;;;;;;;;;;;x
PROV76;Ùº1¡;;;;;;;;;;;;;x
PROV77;Ï≈¬;;;;;;;;;;;;;x
PROV78;Ù≤ë≈;;;;;;;;;;;;;x
PROV79;•«e◊;;;;;;;;;;;;;x
PROV80;h’…”;;;;;;;;;;;;;x
PROV81;è¥H≈;;;;;;;;;;;;;x
PROV82;»M«;;;;;;;;;;;;;x
PROV83;¬=Ã;;;;;;;;;;;;;x
PROV84;®∞–∆;;;;;;;;;;;;;x
PROV85;OÆ»;;;;;;;;;;;;;x
PROV86;p≠∞¿;;;;;;;;;;;;;x
PROV87;Ñ«‰¬;;;;;;;;;;;;;x
PROV88;•«¬;;;;;;;;;;;;;x
PROV89;u«∞¿;;;;;;;;;;;;;x
PROV90;»¸»;;;;;;;;;;;;;x
PROV91;ƒ…H≈;;;;;;;;;;;;;x
PROV92;4ª¸»;;;;;;;;;;;;;x
PROV93;4ªH≈;;;;;;;;;;;;;x
PROV94;≠∞¿;;;;;;;;;;;;;x
PROV95;4ªÒ¥;;;;;;;;;;;;;x
PROV96;»X«;;;;;;;;;;;;;x
PROV97;≥»;;;;;;;;;;;;;x
PROV98;Ñ«<’;;;;;;;;;;;;;x
PROV99;h’Ù≈;;;;;;;;;;;;;x
PROV100;U≥ƒ…;;;;;;;;;;;;;x
PROV101;D∆¸»;;;;;;;;;;;;;x
PROV102;‹–x«;;;;;;;;;;;;;x
PROV103;¿…¨π;;;;;;;;;;;;;x
PROV104;¿…ƒ≥;;;;;;;;;;;;;x
PROV105;Q◊∞¿;;;;;;;;;;;;;x
PROV106;‡¨p≠;;;;;;;;;;;;;x
PROV107;≠Ã¸»;;;;;;;;;;;;;x
PROV108;%∆úÃ;;;;;;;;;;;;;x
PROV109;|±∞¿;;;;;;;;;;;;;x
PROV110;¡∞¿;;;;;;;;;;;;;x
PROV111;‹–H≈;;;;;;;;;;;;;x
PROV112;˘≤ƒ…;;;;;;;;;;;;;x
PROV113;ı¨¸»;;;;;;;;;;;;;x
PROV114;8¡Ö»;;;;;;;;;;;;;x
PROV115;D≈∞¿;;;;;;;;;;;;;x
PROV116;∆Ÿ≥;;;;;;;;;;;;;x
PROV117;≥»;;;;;;;;;;;;;x
PROV118;≠Ãë≈;;;;;;;;;;;;;x
PROV119;©Õ¸»;;;;;;;;;;;;;x
PROV120;è¥Ï≈;;;;;;;;;;;;;x
PROV121;4≠∞¿;;;;;;;;;;;;;x
PROV122;∆∞¿;;;;;;;;;;;;;x
PROV123;¡úÃ;;;;;;;;;;;;;x
PROV124;M÷¸»;;;;;;;;;;;;;x
PROV125;ƒ…úÃ;;;;;;;;;;;;;x
PROV126;Æ∞¿;;;;;;;;;;;;;x
PROV127;ƒ¨·∏;;;;;;;;;;;;;x
PROV128;L«1¡;;;;;;;;;;;;;x
PROV129;Ùº9∏;;;;;;;;;;;;;x
PROV130;ÙºO«;;;;;;;;;;;;;x
PROV131;Ë≤ë≈;;;;;;;;;;;;;x
PROV132;úÃH≈;;;;;;;;;;;;;x
PROV133;»…”;;;;;;;;;;;;;x
PROV134;»úÃ;;;;;;;;;;;;;x
PROV135;‹≠T≈;;;;;;;;;;;;;x
PROV136;/«l≠;;;;;;;;;;;;;x
PROV137;≠úÃ;;;;;;;;;;;;;x
PROV138;/«1¡;;;;;;;;;;;;;x
PROV139;≥U≥;;;;;;;;;;;;;x
PROV140;p»XŒ–∆;;;;;;;;;;;;;x
PROV141;…”›–;;;;;;;;;;;;;x
PROV142;H≈1¡;;;;;;;;;;;;;x
PROV143;t«úÃ;;;;;;;;;;;;;x
PROV144;Ï≈¸»;;;;;;;;;;;;;x
PROV145;T÷1¡;;;;;;;;;;;;;x
PROV146;3∆∞¿;;;;;;;;;;;;;x
PROV147;¬–∆;;;;;;;;;;;;;x
PROV148;©∆x«;;;;;;;;;;;;;x
PROV149;H≈∞¿;;;;;;;;;;;;;x
PROV150;‹¬e◊;;;;;;;;;;;;;x
PROV151;p≠Ï”;;;;;;;;;;;;;x
PROV152;X«U∆;;;;;;;;;;;;;x
PROV153;H≈ë≈;;;;;;;;;;;;;x
PROV154;≠Ö∫;;;;;;;;;;;;;x
PROV155;x«úÃ;;;;;;;;;;;;;x
PROV156;è¥úÃ;;;;;;;;;;;;;x
PROV157;¸¨úÃ;;;;;;;;;;;;;x
PROV158;1¡®∞;;;;;;;;;;;;;x
PROV159;OÆÏ”;;;;;;;;;;;;;x
PROV160;¡∏∆;;;;;;;;;;;;;x
PROV161;‡¨ë≈;;;;;;;;;;;;;x
PROV162;≠¸»;;;;;;;;;;;;;x
PROV163;X’®∞;;;;;;;;;;;;;x
PROV164;l≠¨π;;;;;;;;;;;;;x
PROV165;®∞ë≈¸»;;;;;;;;;;;;;x
PROV166;X«»è¥;;;;;;;;;;;;;x
PROV167;ë≈¸»;;;;;;;;;;;;;x
PROV168;”¸»;;;;;;;;;;;;;x
PROV169;ë≈…”;;;;;;;;;;;;;x
PROV170;¨…”;;;;;;;;;;;;;x
PROV171;Ï”úÃ;;;;;;;;;;;;;x
PROV172;Ÿ≥P¥úÃ;;;;;;;;;;;;;x
PROV173;≈úÃ;;;;;;;;;;;;;x
PROV174;ç‘∞¿;;;;;;;;;;;;;x
PROV175;¨1¡;;;;;;;;;;;;;x
PROV176;•«Ë≤;;;;;;;;;;;;;x
PROV177;≠Ã…”;;;;;;;;;;;;;x
PROV178;∆Ò¥Ï”;;;;;;;;;;;;;x
PROV179;¨®∞;;;;;;;;;;;;;x
PROV180;»πÏ”;;;;;;;;;;;;;x
PROV181;Ÿ≥≥8ª;;;;;;;;;;;;;x
PROV182;l≠k∏;;;;;;;;;;;;;x
PROV183;¡≥8ª;;;;;;;;;;;;;x
PROV184;ƒ≥	¥;;;;;;;;;;;;;x
PROV185;°¡”;;;;;;;;;;;;;x
PROV186;∆Ö»ƒ≥;;;;;;;;;;;;;x
PROV193;|«∞¿;;;;;;;;;;;;;x
PROV187;9∆ƒ…;;;;;;;;;;;;;x
PROV188;¨T÷;;;;;;;;;;;;;x
PROV189;1º9∏ƒ≥;;;;;;;;;;;;;x
PROV190;ƒ¨ë≈;;;;;;;;;;;;;x
PROV191;òÃx«;;;;;;;;;;;;;x
PROV192;¡¿]∏;;;;;;;;;;;;;x
PROV194;H≈»;;;;;;;;;;;;;x
PROV195;Ÿ≥ƒ–;;;;;;;;;;;;;x
PROV196;¨®∞;;;;;;;;;;;;;x
PROV197;T÷ƒ≥;;;;;;;;;;;;;x
PROV198;†Ã–∆;;;;;;;;;;;;;x
PROV199;T÷úÃ;;;;;;;;;;;;;x
PROV200;®∞òÕúÃ;;;;;;;;;;;;;x
PROV201;ë≈¸»;;;;;;;;;;;;;x
PROV202;x«»;;;;;;;;;;;;;x
PROV203;M÷úÃ;;;;;;;;;;;;;x
PROV204;Ÿ≥–∆¸»;;;;;;;;;;;;;x
PROV205;°÷1¡;;;;;;;;;;;;;x
PROV206;∆‘∆;;;;;;;;;;;;;x
PROV207;…”=Ã;;;;;;;;;;;;;x
PROV208;»/¡;;;;;;;;;;;;;x
PROV209;‹–1º;;;;;;;;;;;;;x
PROV210;º¿ôÃ;;;;;;;;;;;;;x
PROV211;Ÿ≥t’;;;;;;;;;;;;;x
PROV212;¨âπ;;;;;;;;;;;;;x
PROV213;ë≈ë≈;;;;;;;;;;;;;x
PROV214;ç¡Õ;;;;;;;;;;;;;x
PROV215;¨1¡;;;;;;;;;;;;;x
PROV216;OÆT÷;;;;;;;;;;;;;x
PROV217;=Ãƒ≥;;;;;;;;;;;;;x
PROV218;Æ¨;;;;;;;;;;;;;x
PROV219;µ—úÃ;;;;;;;;;;;;;x
PROV220;H≈¿º;;;;;;;;;;;;;x
PROV221;å÷ë≈;;;;;;;;;;;;;x
PROV222;‡¨∞¿;;;;;;;;;;;;;x
PROV223;8¡Ï”;;;;;;;;;;;;;x
PROV224;t«Õ;;;;;;;;;;;;;x
PROV225;”P≠;;;;;;;;;;;;;x
PROV226;–∆∞¿;;;;;;;;;;;;;x
PROV227;ïºŸ≥;;;;;;;;;;;;;x
PROV228;8ªúÃ;;;;;;;;;;;;;x
PROV229;úÃ¥∞;;;;;;;;;;;;;x
PROV230;…”¨;;;;;;;;;;;;;x
PROV231;¡–∆¸»;;;;;;;;;;;;;x
PROV232;òÕúÃ;;;;;;;;;;;;;x
PROV233;¥∞8ª;;;;;;;;;;;;;x
PROV234;(”úÃ;;;;;;;;;;;;;x
PROV235;≈H≈;;;;;;;;;;;;;x
PROV236;	¥úÃ;;;;;;;;;;;;;x
PROV237;t’¸»;;;;;;;;;;;;;x
PROV238;‡¬–∆;;;;;;;;;;;;;x
PROV239;Ãº1¡;;;;;;;;;;;;;x
PROV240;¨9∏;;;;;;;;;;;;;x
PROV241;9∆ƒ…;;;;;;;;;;;;;x
PROV242;‹–ƒ–;;;;;;;;;;;;;x
PROV243;•«≈;;;;;;;;;;;;;x
PROV244;¸¨|«;;;;;;;;;;;;;x
PROV245;°¡T÷;;;;;;;;;;;;;x
PROV246;º¿úÃ;;;;;;;;;;;;;x
PROV247;O«`π;;;;;;;;;;;;;x
PROV248;‡¬Õ;;;;;;;;;;;;;x
PROV249;¨«·∏;;;;;;;;;;;;;x
PROV250;H≈E≈;;;;;;;;;;;;;x
PROV251;	¥∞¿;;;;;;;;;;;;;x
PROV252;ÆúÃ;;;;;;;;;;;;;x
PROV253;‡¬ƒ¨;;;;;;;;;;;;;x
PROV254;·¨∞¿;;;;;;;;;;;;;x
PROV255;…”∞¿;;;;;;;;;;;;;x
PROV256;∞π∞¿;;;;;;;;;;;;;x
PROV257;O«”;;;;;;;;;;;;;x
PROV258;¨¿¨π–∆;;;;;;;;;;;;;x
PROV259;å¡e◊;;;;;;;;;;;;;x
PROV260;i÷¸»;;;;;;;;;;;;;x
PROV261;°¡ºπ;;;;;;;;;;;;;x
PROV262;¬H≈;;;;;;;;;;;;;x
PROV263;≈ƒ–;;;;;;;;;;;;;x
PROV264;‡¬…”;;;;;;;;;;;;;x
PROV265;≈∞¿;;;;;;;;;;;;;x
PROV266;≠ÃË≤;;;;;;;;;;;;;x
PROV267;·∏≈;;;;;;;;;;;;;x
PROV268;O«úÃ;;;;;;;;;;;;;x
PROV269;†—∞¿;;;;;;;;;;;;;x
PROV270;®∞Ï”;;;;;;;;;;;;;x
PROV271;…”ë≈;;;;;;;;;;;;;x
PROV272;ù…∞¿;;;;;;;;;;;;;x
PROV273;≥Ÿ≥;;;;;;;;;;;;;x
PROV274;…”–∆;;;;;;;;;;;;;x
PROV275;…”1¡;;;;;;;;;;;;;x
PROV276;å÷=Ã;;;;;;;;;;;;;x
PROV277;ë≈U≥;;;;;;;;;;;;;x
PROV278;°¡úÃ;;;;;;;;;;;;;x
PROV279;‡¬ë≈;;;;;;;;;;;;;x
PROV280;¬úÃ;;;;;;;;;;;;;x
PROV281;8ªU≥;;;;;;;;;;;;;x
PROV282;H≈¸»;;;;;;;;;;;;;x
PROV283;¬úÃ;;;;;;;;;;;;;x
PROV284;¥∆∞¿;;;;;;;;;;;;;x
PROV285;¨úÃ;;;;;;;;;;;;;x
PROV286;Å¥=Ã;;;;;;;;;;;;;x
PROV287;U≥úÃ;;;;;;;;;;;;;x
PROV288;˘π∞¿;;;;;;;;;;;;;x
PROV289;U±–∆;;;;;;;;;;;;;x
PROV290;≥e◊;;;;;;;;;;;;;x
PROV291;O«»;;;;;;;;;;;;;x
PROV292;ºúÃ;;;;;;;;;;;;;x
PROV293;»¸»;;;;;;;;;;;;;x
PROV294;˝¨∞¿;;;;;;;;;;;;;x
PROV295;/¡úÃ;;;;;;;;;;;;;x
PROV296;Ÿ≥ºπ;;;;;;;;;;;;;x
PROV297;†Ã∞¿;;;;;;;;;;;;;x
PROV298;¸≈¸»;;;;;;;;;;;;;x
PROV299;·∏úÃ;;;;;;;;;;;;;x
PROV300;‡¬ƒ≥;;;;;;;;;;;;;x
PROV301;‡¬X«¸»;;;;;;;;;;;;;x
PROV302;<’÷;;;;;;;;;;;;;x
PROV303;X«¸»;;;;;;;;;;;;;x
PROV304;U±¿º;;;;;;;;;;;;;x
PROV305;l≠•«;;;;;;;;;;;;;x
PROV306;•’∞¿;;;;;;;;;;;;;x
PROV307;¥∆∞¿;;;;;;;;;;;;;x
PROV308;‹–úÃ;;;;;;;;;;;;;x
PROV309;Ÿ≥=Ã;;;;;;;;;;;;;x
PROV310;≥≠;;;;;;;;;;;;;x
PROV311;úÃ»π;;;;;;;;;;;;;x
PROV312;=Ã1¡;;;;;;;;;;;;;x
PROV313;ÃºŸ≥;;;;;;;;;;;;;x
PROV314;≠¿¸»;;;;;;;;;;;;;x
PROV315;l≠1¡;;;;;;;;;;;;;x
PROV316;π¬8÷;;;;;;;;;;;;;x
PROV317;¡¿–∆;;;;;;;;;;;;;x
PROV318;%∏Ï”;;;;;;;;;;;;;x
PROV319;l◊Õ;;;;;;;;;;;;;x
PROV320;Ÿ≥‡¬;;;;;;;;;;;;;x
PROV321;·∏ºπ;;;;;;;;;;;;;x
PROV322;»úÃ;;;;;;;;;;;;;x
PROV323;°¡–∆;;;;;;;;;;;;;x
PROV324;‡¨ç‘;;;;;;;;;;;;;x
PROV325;∞∆‹¬;;;;;;;;;;;;;x
PROV326;Õ∞¿;;;;;;;;;;;;;x
PROV327;«–∆;;;;;;;;;;;;;x
PROV328;°¡¨;;;;;;;;;;;;;x
PROV329;¨ƒ¨;;;;;;;;;;;;;x
PROV330;•«¨;;;;;;;;;;;;;x
PROV331;‹¬…;;;;;;;;;;;;;x
PROV332;ÃπÏ”;;;;;;;;;;;;;x
PROV333;ë∑ºπ;;;;;;;;;;;;;x
PROV334;T÷…”;;;;;;;;;;;;;x
PROV335;ê«1¡;;;;;;;;;;;;;x
PROV336;…¨;;;;;;;;;;;;;x
PROV337;ƒ÷=Ã;;;;;;;;;;;;;x
PROV338;‡¬”;;;;;;;;;;;;;x
PROV339;º¿¬;;;;;;;;;;;;;x
PROV340;÷∞¿;;;;;;;;;;;;;x
PROV341;ç‘¡;;;;;;;;;;;;;x
PROV342;ç‘∞¿;;;;;;;;;;;;;x
PROV343;¨∞¿;;;;;;;;;;;;;x
PROV344;¥∆e◊;;;;;;;;;;;;;x
PROV345;ÙºúÃ;;;;;;;;;;;;;x
PROV346;1ºT≈;;;;;;;;;;;;;x
PROV347;º¿¿…≈;;;;;;;;;;;;;x
PROV348;≥M÷Ë≤;;;;;;;;;;;;;x
PROV349;¬Ÿ≥;;;;;;;;;;;;;x
PROV350;‡¨–∆;;;;;;;;;;;;;x
PROV351;î∆U≥;;;;;;;;;;;;;x
PROV352;Æ|≈;;;;;;;;;;;;;x
PROV353;»…”;;;;;;;;;;;;;x
PROV354;h’¸»;;;;;;;;;;;;;x
PROV355;3∆k∏;;;;;;;;;;;;;x
PROV356;h’e◊;;;;;;;;;;;;;x
PROV357;‡¬e◊;;;;;;;;;;;;;x
PROV358;è¥»;;;;;;;;;;;;;x
PROV359;•«ƒ…;;;;;;;;;;;;;x
PROV360;å∑–∆;;;;;;;;;;;;;x
PROV361;M÷–∆;;;;;;;;;;;;;x
PROV362;‡¬Ï”;;;;;;;;;;;;;x
PROV363;Å¥≠Ã;;;;;;;;;;;;;x
PROV364;¨π–∆;;;;;;;;;;;;;x
PROV365;Ë≤úÃ;;;;;;;;;;;;;x
PROV366;U≥1¡;;;;;;;;;;;;;x
PROV367;»’úÃ;;;;;;;;;;;;;x
PROV368;OÆEÃ;;;;;;;;;;;;;x
PROV369;T÷≥;;;;;;;;;;;;;x
PROV370;8Æ¸»;;;;;;;;;;;;;x
PROV371;Ö∫úÃ;;;;;;;;;;;;;x
PROV372;¥≈ë∑;;;;;;;;;;;;;x
PROV373;Ö∫¨;;;;;;;;;;;;;x
PROV374;≈∞¿;;;;;;;;;;;;;x
PROV375;4ª∞¿;;;;;;;;;;;;;x
PROV376;Ã¨1¡;;;;;;;;;;;;;x
PROV377;≠Ãƒ…;;;;;;;;;;;;;x
PROV378;|∑ƒ…;;;;;;;;;;;;;x
PROV379;è¥9∏;;;;;;;;;;;;;x
PROV380;å÷9∏;;;;;;;;;;;;;x
PROV381;Ã¨e◊;;;;;;;;;;;;;x
PROV382;Ã¨–∆;;;;;;;;;;;;;x
PROV383;(∆1¡;;;;;;;;;;;;;x
PROV384;X’∞¿≥¬≥–;;;;;;;;;;;;;x
PROV385;ò∞p≥à…µ≥¬≥–;;;;;;;;;;;;;x
PROV386;∞∆¬¨π≥¬l–;;;;;;;;;;;;;x
PROV387;æ|∑µÙº≥¬†—l–;;;;;;;;;;;;;x
PROV388;‹¬Tœ±—≥¬≥–;;;;;;;;;;;;;x
PROV389;Ï”≥–x±;;;;;;;;;;;;;x
PROV390;%∆¿–æ¨π≥¬≥–;;;;;;;;;;;;;x
PROV391;¯ªX’|«k∏æ≥¬≥–;;;;;;;;;;;;;x
PROV392;8÷d∏≥¬≥–;;;;;;;;;;;;;x
PROV393;¥Ãtπ»≤‡¨æ≥¬≥–;;;;;;;;;;;;;x
PROV394;Ï”¯≠|∑»≤XŒ»≤;;;;;;;;;;;;;x
PROV395;Ë∏≥¬≥–;;;;;;;;;;;;;x
PROV396;<π¬;;;;;;;;;;;;;x
PROV397;¨’…‘À;;;;;;;;;;;;;x
PROV398;¨¿»’‰Œ∞∆;;;;;;;;;;;;;x
PROV399;ƒ…»∞∆;;;;;;;;;;;;;x
PROV400;x‘è∑¨≥;;;;;;;;;;;;;x
PROV401;O∆!”¨≥;;;;;;;;;;;;;x
PROV402;°»»’;;;;;;;;;;;;;x
PROV403;e¥¨;;;;;;;;;;;;;x
PROV404;ë”≠Ã;;;;;;;;;;;;;x
PROV405;tœ¨≥;;;;;;;;;;;;;x
PROV406;¨t«»∞∆;;;;;;;;;;;;;x
PROV407;‰≤≥¬(Ã3∆;;;;;;;;;;;;;x
PROV408;‹¬≥¬;;;;;;;;;;;;;x
PROV409;à¬∆;;;;;;;;;;;;;x
PROV410;X’t«≠Ã;;;;;;;;;;;;;x
PROV411;∏Ã∞¿;;;;;;;;;;;;;x
PROV412;¿–t«H≈;;;;;;;;;;;;;x
PROV413;‰≤O∆;;;;;;;;;;;;;x
PROV414;”∞¿;;;;;;;;;;;;;x
PROV415;î∆ë≈;;;;;;;;;;;;;x
PROV416;i≥¿–;;;;;;;;;;;;;x
PROV417;àº‹¬;;;;;;;;;;;;;x
PROV418;X÷∑;;;;;;;;;;;;;x
PROV419;Q’∞¿;;;;;;;;;;;;;x
PROV420;x‘¬;;;;;;;;;;;;;x
PROV421;‡¬Hæ;;;;;;;;;;;;;x
PROV422;mŒ«D∆;;;;;;;;;;;;;x
PROV423;=Ã,“;;;;;;;;;;;;;x
PROV424;‹¬ë”;;;;;;;;;;;;;x
PROV425;tŒt««H≈;;;;;;;;;;;;;x
PROV426;î∆…;;;;;;;;;;;;;x
PROV427;¬ê«,“;;;;;;;;;;;;;x
PROV428;”‡œ;;;;;;;;;;;;;x
PROV429;âŒQ’;;;;;;;;;;;;;x
PROV430;‡¬¸ª;;;;;;;;;;;;;x
PROV431;»’t«∞¿;;;;;;;;;;;;;x
PROV432;†ºt«»;;;;;;;;;;;;;x
PROV433;t«;;;;;;;;;;;;;x
PROV434;¿–t«»’;;;;;;;;;;;;;x
PROV435;¡πX’t«;;;;;;;;;;;;;x
PROV436;x‘‡¬;;;;;;;;;;;;;x
PROV437;•«∞∆;;;;;;;;;;;;;x
PROV438;D∏∞¿;;;;;;;;;;;;;x
PROV439;¬t«…;;;;;;;;;;;;;x
PROV440;/»=Ã;;;;;;;;;;;;;x
PROV441;†ºt«D”3∆;;;;;;;;;;;;;x
PROV442;(Ã3∆ë≈;;;;;;;;;;;;;x
PROV443;¡π«H≈;;;;;;;;;;;;;x
PROV444;“–≈¡π;;;;;;;;;;;;;x
PROV445;»÷òÕ;;;;;;;;;;;;;x
PROV446;ƒ≥8ª;;;;;;;;;;;;;x
PROV447;»≥T÷;;;;;;;;;;;;;x
PROV448;T÷9∏;;;;;;;;;;;;;x
PROV449;H≈ƒ≥;;;;;;;;;;;;;x
PROV450;©∆»;;;;;;;;;;;;;x
PROV451;≈8Æ;;;;;;;;;;;;;x
PROV452;U∆mŒ;;;;;;;;;;;;;x
PROV453;•«1º;;;;;;;;;;;;;x
PROV454;»÷•«;;;;;;;;;;;;;x
PROV455;•««H≈;;;;;;;;;;;;;x
PROV456;∞π•«;;;;;;;;;;;;;x
PROV457;x‘-¬;;;;;;;;;;;;;x
PROV458;’…«;;;;;;;;;;;;;x
PROV459;¿…H≈;;;;;;;;;;;;;x
PROV460;A“T÷;;;;;;;;;;;;;x
PROV461;T∫t«»’‰Œ∞∆;;;;;;;;;;;;;x
PROV462;ƒ÷t«ú∞;;;;;;;;;;;;;x
PROV463;e¥ë”;;;;;;;;;;;;;x
PROV464;e¥¥∑3∆;;;;;;;;;;;;;x
PROV465;”≥¬;;;;;;;;;;;;;x
PROV466;T÷¨≥;;;;;;;;;;;;;x
PROV467;©∆¸»;;;;;;;;;;;;;x
PROV468;8Æºπ;;;;;;;;;;;;;x
PROV469;ê«3∆»’;;;;;;;;;;;;;x
PROV470;Ã¡ë≈;;;;;;;;;;;;;x
PROV471;=ÃòÕ;;;;;;;;;;;;;x
PROV472;¸»¿–t«;;;;;;;;;;;;;x
PROV473;≤H≈;;;;;;;;;;;;;x
PROV474;T≥ƒ÷t«;;;;;;;;;;;;;x
PROV475;t«A“;;;;;;;;;;;;;x
PROV476;¨π¬;;;;;;;;;;;;;x
PROV477;Å≠¸»¡π;;;;;;;;;;;;;x
PROV478;Ã¡¥∑3∆;;;;;;;;;;;;;x
PROV479;=Ã¡π;;;;;;;;;;;;;x
PROV480;ò∞t«Ãπ;;;;;;;;;;;;;x
PROV481;ƒ÷∏;;;;;;;;;;;;;x
PROV482;A“¥∑3∆;;;;;;;;;;;;;x
PROV483;tŒt«Ë∏;;;;;;;;;;;;;x
PROV484;8÷tπkŒ;;;;;;;;;;;;;x
PROV485;Å¥8÷tπkŒ;;;;;;;;;;;;;x
PROV486;®∞8÷tπkŒ;;;;;;;;;;;;;x
PROV487;D≈3∆k’;;;;;;;;;;;;;x
PROV488;9∆t≤‹¥;;;;;;;;;;;;;x
PROV489;º∞π;;;;;;;;;;;;;x
PROV490;e¥›≤;;;;;;;;;;;;;x
PROV491;4ª¡π;;;;;;;;;;;;;x
PROV492;›≤H≈;;;;;;;;;;;;;x
PROV493;˝∏≠Ã;;;;;;;;;;;;;x
PROV494;X÷îÕt«;;;;;;;;;;;;;x
PROV495;–∆i≥;;;;;;;;;;;;;x
PROV496;Ë∏∞¿;;;;;;;;;;;;;x
PROV497;4ªQ’;;;;;;;;;;;;;x
PROV498;x‘∞¿;;;;;;;;;;;;;x
PROV499;|∑t«ë≈;;;;;;;;;;;;;x
PROV500;X’t«ë≈;;;;;;;;;;;;;x
PROV501;XŒ‹¬D≈;;;;;;;;;;;;;x
PROV502;ë”|∑t«;;;;;;;;;;;;;x
PROV503;˝∏‰Œ∞∆;;;;;;;;;;;;;x
PROV504;ê«3∆«H≈;;;;;;;;;;;;;x
PROV505;|∑3∆∞¿;;;;;;;;;;;;;x
PROV506;≠Ãë≈;;;;;;;;;;;;;x
PROV507;mŒ‰≤3∆;;;;;;;;;;;;;x
PROV508;ê«3∆»∞∆;;;;;;;;;;;;;x
PROV509;¿…®∫;;;;;;;;;;;;;x
PROV510;Q’P¥;;;;;;;;;;;;;x
PROV511;|∑t«‹¬;;;;;;;;;;;;;x
PROV512;ƒ‹¬»π;;;;;;;;;;;;;x
PROV513;Ò¬≠Ã;;;;;;;;;;;;;x
PROV514;/¡ë≈;;;;;;;;;;;;;x
PROV515;=ÃX’t«;;;;;;;;;;;;;x
PROV559;p¨8ªƒ≥;;;;;;;;;;;;;x
PROV560;ç‘∞¿;;;;;;;;;;;;;x
PROV561;∆H≈;;;;;;;;;;;;;x
PROV562;Ñ«X’;;;;;;;;;;;;;x
PROV563;©∆∞¿;;;;;;;;;;;;;x
PROV564;ô∞Ÿ≥¨;;;;;;;;;;;;;x
PROV565;ô∞Ÿ≥¨;;;;;;;;;;;;;x
PROV566;ô∞Ÿ≥¨;;;;;;;;;;;;;x
PROV567;ô∞Ÿ≥¨;;;;;;;;;;;;;x
PROV568;U≈]∏;;;;;;;;;;;;;x
PROV569;U≈]∏;;;;;;;;;;;;;x
PROV570;U≈]∏;;;;;;;;;;;;;x
PROV571;U≈]∏;;;;;;;;;;;;;x
PROV572;U≈]∏;;;;;;;;;;;;;x
PROV573;U≈]∏;;;;;;;;;;;;;x
PROV574;U≈]∏;;;;;;;;;;;;;x
PROV575;≥Ÿ≥;;;;;;;;;;;;;x
PROV576;≥Ÿ≥;;;;;;;;;;;;;x
PROV577;≥Ÿ≥;;;;;;;;;;;;;x
PROV578;k’¨;;;;;;;;;;;;;x
PROV579;k’¨;;;;;;;;;;;;;x
PROV580;k’¨;;;;;;;;;;;;;x
PROV581;k’¨;;;;;;;;;;;;;x
PROV582;k’¨;;;;;;;;;;;;;x
PROV583;k’¨;;;;;;;;;;;;;x
PROV584;k’¨;;;;;;;;;;;;;x
PROV585;Ñ«ƒ…¨;;;;;;;;;;;;;x
PROV586;Ñ«ƒ…¨;;;;;;;;;;;;;x
PROV587;i÷‰≤3∆;;;;;;;;;;;;;x
PROV588;¨3∆¯ª;;;;;;;;;;;;;x
PROV589;|∑t«»∞∆;;;;;;;;;;;;;x
PROV590;ê«3∆»∞∆;;;;;;;;;;;;;x
PROV591;/»Q’;;;;;;;;;;;;;x
PROV592;¥∑3∆…;;;;;;;;;;;;;x
PROV593;ú∞D”3∆;;;;;;;;;;;;;x
PROV594;Å≠©Õ¡π;;;;;;;;;;;;;x
PROV595;Ë≤e¥;;;;;;;;;;;;;x
PROV596;=Ã∞¿;;;;;;;;;;;;;x
PROV597;úÃ¿…;;;;;;;;;;;;;x
PROV598;Æ¨;;;;;;;;;;;;;x
PROV599;Æ¨;;;;;;;;;;;;;x
PROV600;Æ¨;;;;;;;;;;;;;x
PROV601;Æ¨;;;;;;;;;;;;;x
PROV602;î∆X’;;;;;;;;;;;;;x
PROV603;î∆X’;;;;;;;;;;;;;x
PROV604;î∆X’;;;;;;;;;;;;;x
PROV605;î∆X’;;;;;;;;;;;;;x
PROV606;î∆X’;;;;;;;;;;;;;x
PROV607;<÷X’;;;;;;;;;;;;;x
PROV608;P¥Ãπ;;;;;;;;;;;;;x
PROV608;P¥Ãπ;;;;;;;;;;;;;x